<assembly xmlns="http://maven.apache.org/plugins/maven-assembly-plugin/assembly/1.1.0"
  xmlns:xsi="http://www.w3.org/2001/XMLSchema-instance"
  xsi:schemaLocation="http://maven.apache.org/plugins/maven-assembly-plugin/assembly/1.1.0 http://maven.apache.org/xsd/assembly-1.1.0.xsd">

  <formats>
    <format>zip</format>
  </formats>

  <fileSets>
  
    <fileSet>
      <directory>${project.basedir}</directory>
      <outputDirectory>/</outputDirectory>
      <includes>
        <include>.classpath</include>
        <include>.project</include>
        <include>assembly.xml</include>
        <include>LICENSE.txt</include>
        <include>pom.xml</include>
        <include>RELEASE-NOTES.txt</include>
        <include>.settings/**</include>
      </includes>
    </fileSet>

    <fileSet>
      <directory>${project.basedir}/src</directory>
      <outputDirectory>/src</outputDirectory>
    </fileSet>

    <fileSet>
      <directory>${project.basedir}/target/site</directory>
      <outputDirectory>/docs</outputDirectory>
      <includes>
        <include>apidocs/**</include>
      </includes>
    </fileSet>
    <fileSet>
      <directory>${project.basedir}/docs</directory>
      <outputDirectory>/docs</outputDirectory>
      <includes>
        <include>XPCOMGuide.htm</include>
      </includes>
    </fileSet>

    <fileSet>
      <directory>${project.basedir}/tools</directory>
      <outputDirectory>/tools</outputDirectory>
    </fileSet>

    <fileSet>
      <directory>${project.build.directory}</directory>
      <outputDirectory>/</outputDirectory>
      <includes>
        <include>forklabs-javaxpcom-${version}.jar</include>
      </includes>
    </fileSet>

  </fileSets>

</assembly>
